id,kind,rect_mm,depth_mm,len_mm,span_mm,status,dimension_status,placement_status,parent,source,note
K-RUN-E,base_cabinet_run,"[7200, 535, 7800, 3750]",600,3215,,EXISTING_KEEP,CONFIRMED,CONFIRMED,,cabinet PDF p0 — east run; wall chain 3915 = physical run 3215 + 700 corner absorbed by tall cab,"east-wall run stops at fridge tall-cab face; PDF ""3915"" is wall-to-wall incl. corner zone"
K-COOK,cooktop_slot,"[7200, 2400, 7800, 3300]",,,900,EXISTING_KEEP,CONFIRMED,TO_VERIFY,K-RUN-E,cabinet PDF p0 灶具 900 on east run (dim chain 194/413/414 north of it),cooktop; range hood + socket above per elevation p1
K-DISHW,dishwasher_slot,"[7200, 1800, 7800, 2400]",,,600,EXISTING_KEEP,CONFIRMED,TO_VERIFY,K-RUN-E,cabinet PDF p0 洗碗机位置 600 on east run,open slot for dishwasher
K-BASKET,pull_basket_module,"[7200, 3300, 7800, 3750]",,,450,EXISTING_KEEP,TO_VERIFY,TO_VERIFY,K-RUN-E,cabinet PDF p0 拉篮/调味拉篮 800 near cooktop — clipped to run north end,spice pull-basket; exact bounds to verify
K-FRIDGE-TALL,tall_cabinet,"[5900, 3750, 7740, 4450]",700,1840,,EXISTING_KEEP,CONFIRMED,CONFIRMED,,"cabinet PDF p0 — 冰箱高柜 1840 on north wall, holds the NE corner (base run abuts its face)",tall unit incl. double-door fridge slot + side cabs + sockets; east end stops 60mm short of east wall (filler)
K-FRIDGE,fridge_slot,"[6835, 3750, 7740, 4450]",,,905,EXISTING_KEEP,CONFIRMED,TO_VERIFY,K-FRIDGE-TALL,cabinet PDF — fridge 905x710 inside tall cab; internal split TO_VERIFY,double-door fridge 905x710 (710 depth incl. gap per PDF)
K-RUN-S,base_cabinet_sink_leg,"[6100, 0, 7310, 600]",600,1210,,EXISTING_KEEP,CONFIRMED,TO_VERIFY,,cabinet PDF p0 — sink leg 990+220 next to 窗 (window),"south-wall leg under W-KIT-S window; length 1210 confirmed, x-origin ±210 to verify"
K-SINK,sink_slot,"[6100, 0, 7090, 600]",,,990,EXISTING_KEEP,CONFIRMED,TO_VERIFY,K-RUN-S,cabinet PDF p0 水槽柜 990 + filler 220,sink cabinet under south window
K-WALL-E,wall_cabinet_run,"[7420, 535, 7800, 3750]",380,3215,,EXISTING_KEEP,CONFIRMED,TO_VERIFY,K-RUN-E,"cabinet PDF p1 吊柜 — 380 deep over east run, widths 374/569/569/459/459/460/460/50","wall-mounted cabinets; module splits + hood position per elevation, y-bounds TO_VERIFY"
